{
  "version": "2019.2",
  "applications": [],
  "platforms": [
    {
      "name": "TE0820-03-02AI21FA"
    }
  ],
  "systems": [
    {
      "name": "SW_system",
      "platform": "C:/TE0820/vitis/TE0820-03-02AI21FA/export/TE0820-03-02AI21FA/TE0820-03-02AI21FA.xpfm",
      "sysConfig": "TE0820-03-02AI21FA",
      "applications": [
        {
          "name": "SW_A53_0",
          "platform": "C:/TE0820/vitis/TE0820-03-02AI21FA/export/TE0820-03-02AI21FA/TE0820-03-02AI21FA.xpfm",
          "platformPath": "C:\\TE0820\\vitis\\TE0820-03-02AI21FA\\export\\TE0820-03-02AI21FA",
          "sysConfig": "TE0820-03-02AI21FA",
          "domain": "standalone_domain",
          "system": "SW_system"
        },
        {
          "name": "SW_MB_0",
          "platform": "C:/TE0820/vitis/TE0820-03-02AI21FA/export/TE0820-03-02AI21FA/TE0820-03-02AI21FA.xpfm",
          "platformPath": "C:\\TE0820\\vitis\\TE0820-03-02AI21FA\\export\\TE0820-03-02AI21FA",
          "sysConfig": "TE0820-03-02AI21FA",
          "domain": "standalone_on_microblaze_0",
          "system": "SW_system"
        }
      ],
      "platformPath": "C:\\TE0820\\vitis\\TE0820-03-02AI21FA\\export\\TE0820-03-02AI21FA"
    }
  ],
  "others": []
}