<?xml version="1.0" encoding="UTF-8" standalone="no"?> 
<!-- ##################################################################### -->
<!-- ##TE File Version:1.2-->
<!-- ##Vivado Version:2019.2-->
<!-- ##TE Last Modification:2019.11.04-->
<!-- ##################################################################### -->
<!-- ##general board part description-->
<!-- ##Info: board part name: board_vendor:board_name:part0:file_version  , use all lower case-->
<board schema_version="2.1" vendor="trenz.biz" name="te0820_2cg_1i" display_name="UltraSOM (ZYNQ-UltraScale+) TE0820-*-2AI21FA(2 GB DDR). *SPRT PCB: REV03" url="trenz.org/te0820-info" preset_file="preset.xml">
  <images>
    <image name="te0820_board.png" display_name="ZYNQ-UltraScale+ TE0820 BOARD" sub_type="board">
      <description>ZYNQ-UltraScale+ TE0820 Board File Image</description>
    </image>
  </images>
<!-- ##################################################################### -->
<!-- ##Board PCB Revision -->
<!-- ##Currently revision with highest id is only displayed in Vivado. Write supported revisions to description too!-->
  <compatible_board_revisions>
    <!--insert supported revisions-->
    <revision id="0">0.3</revision>
  </compatible_board_revisions>
<!-- ##################################################################### -->
<!-- ##Board File Revision -->
<!-- ##Description, see https://wiki.trenz-electronic.de/display/PD/TE+Board+Part+Files -->
  <file_version>2.0</file_version>
<!-- ##################################################################### -->
<!-- ##Board descriptions -->
  <description>Zynq UltraScale+TE0820-*-2AI21FA(2 GB DDR) Board (form factor 4x5 cm) with 2x 1Gbyte DDR4, speed grade -1 and industrial temperature range. *Supported PCB Revisions: REV03.</description>
<!-- ##################################################################### -->
<!-- ##Board components. Special component part0=fpga -->
<!-- ##set display_name and correct part_name for fpga-->
<!-- ##add part interfaces and corresponding component here -->
  <components>
    <component name="part0" display_name="TE0820 UltraSOM (ZYNQ-UltraScale+)" type="fpga" part_name="xczu2cg-sfvc784-1-i" pin_map_file="part0_pins.xml" vendor="xilinx.com" spec_url="www.xilinx.com">
      <description>FPGA part on the board</description>
      <interfaces>
        <!--insert fpga interfaces here, see ug895 or other board part files-->
        <interface mode="master" name="ps8_fixedio" type="xilinx.com:zynq_ultra_ps_e:fixedio_rtl:1.0" of_component="ps8_fixedio" preset_proc="zynq_ultra_ps_e_preset"> 
          <preferred_ips>
            <preferred_ip vendor="xilinx.com" library="ip" name="zynq_ultra_ps_e" order="0"/>
          </preferred_ips>
        </interface>
      </interfaces>
    </component>
    <!--insert interface components here, see ug895 or other board part files-->
    <component name="ps8_fixedio" display_name="PS8 fixed IO" type="chip" sub_type="fixed_io" major_group=""/>
  </components>
<!-- ##################################################################### -->
<!-- ##Board jtag chains for partx  -->
  <jtag_chains>
    <jtag_chain name="chain1">
      <position name="0" component="part0"/>
    </jtag_chain>
  </jtag_chains>
<!-- ##################################################################### -->
<!-- ##connections between interfaces definition and part0_pins.xml  -->
  <connections>
    <!--insert interface connections here, see ug895 or other board part files-->
  </connections>
<!-- ##################################################################### -->
<!-- ##Additional IO interface rules-->
  <ip_associated_rules>
    <ip_associated_rule name="default">
      <!--insert interface ip rules here, see ug895 or other board part files-->
    </ip_associated_rule>
  </ip_associated_rules>
<!-- ##################################################################### -->
</board>
